,paste your data here:,,,,,,,,,,,,,,,
,,,,,,,,,,,,,,,,
T,A1,A2,A3,A4,A5,A6,A7,A8,A9,A10,A11,A12,,,,
20,4420.419921875,302.623138427734,585.368408203125,2745.08276367188,5592.7978515625,953.14794921875,2425.75415039063,7220.8232421875,3336.12915039063,5762.53662109375,7140.98681640625,11084.7763671875,,,,
21,4569.3623046875,600.273559570313,308.470611572266,2398.37573242188,5043.83447265625,1128.578125,2346.32861328125,7156.85791015625,3119.57080078125,5561.7080078125,6749.73046875,10866.1572265625,,,,
22,4367.79638671875,368.045349121094,252.560546875,2222.5556640625,5163.21630859375,802.196350097656,2164.20849609375,7007.42333984375,3201.4912109375,5065.02197265625,6637.298828125,10511.1328125,,,,
23,4160.3720703125,282.476318359375,421.91650390625,2231.2548828125,4849.43310546875,1079.39196777344,1845.19738769531,6757.47509765625,2899.08203125,5098.05078125,6597.1318359375,10414.1298828125,,,,
24,3925.7978515625,377.906646728516,571.858642578125,2286.19995117188,4437.3056640625,791.438110351563,1911.5283203125,6713.64453125,2734.38012695313,5039.9013671875,6560.763671875,9990.8857421875,,,,
25,3863.17895507813,406.869445800781,377.230163574219,2011.71728515625,4446.32421875,534.3427734375,1862.86315917969,6619.64013671875,2679.63549804688,4733.0556640625,6249.486328125,9939.3046875,,,,
26,3995.81787109375,286.285430908203,241.791122436523,1710.70202636719,4234.19970703125,751.666625976563,1750.35021972656,6599.97216796875,2571.67919921875,4544.439453125,6285.86572265625,9645.4423828125,,,,
27,3474.57373046875,266.368713378906,335.518768310547,1767.0048828125,3480.88256835938,532.83642578125,1563.39343261719,6524.03515625,2631.23583984375,4610.73583984375,6252.81689453125,9447.1904296875,,,,
28,3835.19482421875,271.401641845703,237.902770996094,1451.3017578125,3561.10205078125,748.212158203125,1666.6806640625,6376.6708984375,2514.0234375,4084.56811523438,6121.2099609375,9193.087890625,,,,
29,3338.873046875,289.393463134766,236.309783935547,1623.74914550781,3153.60595703125,319.800384521484,1516.10107421875,6203.78662109375,2204.3544921875,4196.91015625,6097.6494140625,9105.41015625,,,,
30,3419.8759765625,279.425506591797,244.148864746094,1730.83471679688,2862.82299804688,401.494140625,1395.826171875,5942.3505859375,2071.83422851563,4000.72583007813,5545.9384765625,9055.5546875,,,,
31,3530.3818359375,278.591033935547,247.654525756836,1477.83447265625,2793.59252929688,387.695892333984,1265.6396484375,5740.11865234375,2037.97998046875,3778.18041992188,5712.640625,8734.328125,,,,
32,3410.7509765625,275.020202636719,243.593826293945,1438.84912109375,2465.55102539063,428.740264892578,1389.67321777344,5552.36572265625,2160.6875,3838.69604492188,5463.32958984375,8608.3623046875,,,,
33,3148.294921875,282.012451171875,223.323181152344,1282.56286621094,2155.9208984375,286.207763671875,1115.83984375,5844.91259765625,2109.50659179688,3793.05200195313,5531.88916015625,8259.2509765625,,,,
34,3362.10009765625,276.369842529297,235.280868530273,1160.36694335938,2226.85595703125,233.095565795898,1239.9580078125,5524.5732421875,1975.19812011719,3228.70092773438,5394.17529296875,8200.958984375,,,,
35,2797.96411132813,263.579315185547,252.470855712891,1258.4130859375,1986.48315429688,234.737045288086,1271.89501953125,5253.3408203125,1941.56372070313,3445.26904296875,5390.068359375,8265.15234375,,,,
36,3059.2626953125,285.035064697266,252.227447509766,1251.05615234375,1962.9072265625,246.457214355469,1041.89245605469,5176.70654296875,1889.37060546875,3256.1484375,5162.017578125,8233.7265625,,,,
37,2938.12451171875,272.563934326172,247.397445678711,1271.45336914063,1667.03955078125,389.783721923828,1004.92236328125,5064.4404296875,1964.48669433594,3230.42504882813,5309.478515625,8280.7412109375,,,,
38,3318.880859375,276.403045654297,252.132690429688,1149.20275878906,1596.37316894531,244.78092956543,1256.86987304688,4996.1728515625,1926.95251464844,3419.67944335938,5212.78271484375,8441.9462890625,,,,
39,3047.7109375,274.248870849609,239.89421081543,978.581420898438,1592.35668945313,383.441650390625,1058.4677734375,4969.44287109375,1888.83215332031,3392.916015625,5430.79052734375,8537.189453125,,,,
40,2978.9453125,290.870483398438,245.861679077148,1219.60668945313,1659.51025390625,374.292999267578,1147.66821289063,5236.13720703125,2148.67456054688,3547.388671875,5718.00341796875,8759.1083984375,,,,
41,2966.13647460938,303.399139404297,251.184112548828,1162.94140625,1580.982421875,273.779846191406,1275.18139648438,5250.390625,2561.916015625,3809.32470703125,6171.80712890625,9336.375,,,,
42,3111.56298828125,309.247314453125,280.510650634766,1374.27661132813,1677.1474609375,576.555908203125,1547.29602050781,5474.60400390625,2914.33715820313,4378.9248046875,6999.2177734375,9794.3349609375,,,,
43,3269.50366210938,308.850311279297,293.396667480469,1435.18933105469,1825.82373046875,979.510559082031,2062.759765625,6097.55908203125,4074.4345703125,5388.4853515625,8150.66552734375,11091.0224609375,,,,
44,2987.3330078125,352.693084716797,291.111389160156,1682.90600585938,2093.29541015625,1256.94177246094,2681.81469726563,7047.35546875,5557.1357421875,6574.646484375,10406.7158203125,12983.3837890625,,,,
45,3343.29345703125,341.362121582031,330.804229736328,1848.4814453125,2398.427734375,2163.54174804688,3890.92578125,8604.759765625,7791.02783203125,8840.271484375,12868.80859375,15430.59765625,,,,
46,3412.533203125,368.594268798828,359.549926757813,2207.56127929688,3420.23095703125,3261.54956054688,5538.861328125,11042.068359375,10886.8974609375,11767.7470703125,17257.291015625,19204.380859375,,,,
47,3885.80322265625,411.198394775391,516.349731445313,3035.55493164063,4718.09130859375,5334.4365234375,8206.892578125,14331.314453125,14808.3671875,15502.3232421875,21757.705078125,23259.54296875,,,,
48,4022.041015625,432.064575195313,1134.55517578125,4661.4677734375,7017.72900390625,8017.83203125,11615.4130859375,17846.6015625,18549.232421875,19263.69140625,26022.01171875,27123.3984375,,,,
49,4552.37353515625,1110.33410644531,2232.3916015625,6462.474609375,10205.150390625,11529.015625,15430.62890625,21452.775390625,21893.673828125,22384.662109375,29733.09375,30097.1328125,,,,
50,5423.00830078125,2208.55786132813,4359.30908203125,9304.9306640625,14176.1259765625,15171.55078125,18745.513671875,24513.349609375,24886.580078125,25388.818359375,33607.22265625,33165.8203125,,,,
51,6664.2265625,3930.6416015625,7080.408203125,13130.5302734375,17837.90625,18333.44140625,21601.849609375,28138.3671875,29643.048828125,28553.87109375,39087.8828125,37103.76171875,,,,
52,8991.908203125,6721.94140625,10197.326171875,16428.671875,21204.67578125,21425.51953125,25333.15625,32897.6640625,35999.6875,33477.5625,46726.65234375,41963.109375,,,,
53,11841.8095703125,10276.15234375,13391.8974609375,19616.96484375,24765.68359375,25734.740234375,30478.833984375,40271.30859375,44477.29296875,39744.64453125,56069.3671875,48885.83203125,,,,
54,15655.19921875,13758.08984375,16254.2666015625,23213.32421875,30022.2265625,32228.220703125,37436.6640625,48933.19140625,53685.7265625,46467.82421875,65982.8984375,55902.84765625,,,,
55,19055.181640625,16173.904296875,19157.064453125,27730.62890625,37207.74609375,40324.98828125,44850.6640625,56597.546875,60316.5390625,51511.85546875,72024.1953125,61101.94140625,,,,
56,21555.8359375,18975.345703125,22879.86328125,34088.10546875,45591.5703125,48092.21484375,50791.00390625,61627.8984375,63751.48046875,54017.8671875,74619.3046875,62906.4140625,,,,
57,24327.615234375,22966.947265625,29095.3203125,42469.93359375,53991.18359375,53802.62890625,53282.4765625,62996.609375,63930.125,53927.59765625,73952.03125,62408.5625,,,,
58,28636.146484375,29388.330078125,35920.01171875,48878.4140625,58348.8046875,55018.00390625,53057.61328125,61802.16015625,62476.06640625,52244.171875,71745.1171875,60759.15234375,,,,
59,34266.7265625,36121.96875,41475.85546875,52181.80859375,58517.61328125,53914.15625,51216.73828125,59790.109375,59579.953125,50287.32421875,69228.625,58934.04296875,,,,
60,41707.4453125,42228.578125,43697.28515625,51201.94140625,56693.61328125,51942.828125,48900.54296875,57368.08984375,56969.875,48488.05859375,66242.5546875,56490.2109375,,,,
61,46097.00390625,44171.23828125,42272.73046875,49733.8984375,54538.203125,49432.5859375,46656.140625,54922.234375,54447.1875,46460.2578125,63191.0703125,54562.3515625,,,,
62,46729.3203125,43440.55859375,40956.62890625,47384.64453125,51776.6015625,47012.11328125,44388.2109375,51943.90234375,52047.83203125,44132.6484375,60294.08984375,52420.87890625,,,,
63,45344.546875,41914.953125,39038.7109375,45212.20703125,49516.8359375,44347.47265625,41936.8671875,49608.94921875,49002.23828125,42092.1875,57558.01171875,49989.1171875,,,,
64,43276.94921875,40516.1328125,37207.82421875,43081.09765625,47418.953125,42331.34765625,39996.89453125,47267.59375,46516.1640625,40471.94921875,54645.10546875,48038.98046875,,,,
65,41026.33203125,38597.5,35078.3359375,40843.76953125,44791.2890625,39824.73828125,37890.7890625,44874.21484375,44433.8046875,38587.12890625,52120.57421875,45835.109375,,,,
66,39124.15625,36645.70703125,33156.96484375,38393.40234375,42585.5234375,37537.3515625,35980.40625,42628.1875,41847.7265625,36469.40234375,49448.07421875,44023.81640625,,,,
67,37035.63671875,34632.0859375,31796.18359375,36422.6640625,40193.578125,35555.3125,34005.5859375,40279.0625,39717.5859375,35089.6328125,46932.28125,41689.96484375,,,,
68,35381.87890625,32716.251953125,29841.484375,34590.6640625,38065.3125,33722.70703125,32357.599609375,38333.1640625,37649.078125,33097.58984375,44303.03125,39674.34375,,,,
69,33419.76171875,31143.798828125,28323.51171875,32787.48828125,36192.9296875,31684.46484375,30598.580078125,36254.26953125,35560.4296875,31606.943359375,42386.82421875,38013.0859375,,,,
70,31700.08203125,28650.01171875,26602.0390625,30420.732421875,34276.890625,29903.427734375,28816.33203125,33976.38671875,33811.3515625,30041.76171875,40225.0234375,35873.00390625,,,,
71,29968.796875,27152.970703125,24791.8828125,28924.94140625,32398.2734375,28431.9140625,27441.515625,32048.6796875,31671.984375,28119.58984375,37887.01171875,34085.4296875,,,,
72,28441.505859375,25237.671875,23253.84765625,27319.78125,30626.74609375,26660.501953125,26070.28515625,30583.240234375,30166.796875,26672.23046875,35966.5625,32016.873046875,,,,
73,26929.18359375,23842.23828125,21876.3984375,25507.2890625,28930.546875,25105.583984375,24650.12109375,29208.185546875,28647.427734375,25243.3046875,34176.671875,30616.88671875,,,,
74,25121.142578125,21963.37890625,20057.0234375,23921.255859375,27013.330078125,23718.0703125,23188.939453125,27440.70703125,26723.91796875,24030.896484375,31919.505859375,29002.037109375,,,,
75,23891.646484375,20919.478515625,18933.955078125,22527.89453125,25505.650390625,22381.36328125,21913.802734375,25840.95703125,25326.11328125,22869.443359375,30174.744140625,27030.56640625,,,,
76,22596.951171875,19201.71484375,17387.77734375,21053.857421875,24182.4765625,20947.3125,20740.5703125,24355.23046875,23923.48046875,21803.9765625,28348.765625,25515.7109375,,,,
77,20653.931640625,17531.43359375,16309.93359375,19665.166015625,22460.529296875,19853.96875,19702.537109375,22979.94921875,22393.130859375,20125.19921875,26787.552734375,23781.99609375,,,,
78,19057.359375,16314.6103515625,15208.8583984375,18367.84375,21039.46484375,18537.486328125,18380.34375,21290.939453125,21054.986328125,18994.25,25288.51953125,22298.69140625,,,,
79,18126.109375,15194.26171875,13983.087890625,16777.412109375,19785.8203125,17094.15625,17099.4921875,19995.3046875,19699.8515625,17990.521484375,23453.68359375,20791.748046875,,,,
80,16364.1279296875,13982.3671875,12641.255859375,15541.1669921875,18365.693359375,16033.75390625,15842.9033203125,18334.224609375,18239.90625,16527.91015625,21770.8359375,19559.796875,,,,
81,15222.015625,12816.3046875,11666.109375,14361.248046875,16654.75390625,14826.73828125,14782.021484375,17088.146484375,17037.38671875,15581.12890625,20094.609375,17846.69921875,,,,
82,14542.427734375,11614.9326171875,10340.46484375,13026.5546875,15217.0859375,13847.587890625,13543.5908203125,15641.6787109375,15364.6826171875,13994.2216796875,18615.08203125,17013.419921875,,,,
83,12856.6318359375,10076.0107421875,9368.248046875,12074.0048828125,14344.423828125,12637.5693359375,12400.34765625,14426.4638671875,14381.2900390625,12965.1904296875,17332.3125,15477.21484375,,,,
84,11746.095703125,9756.84765625,8551.75,11109.53125,13031.701171875,11767.974609375,11384.88671875,13495.3642578125,12970.3681640625,11748.759765625,15969.5322265625,14493.51171875,,,,
85,10790.59765625,8380.83203125,7557.3134765625,9869.900390625,11682.9677734375,10470.90625,10253.7646484375,12342.76171875,11951.2373046875,10590.3583984375,14938.9267578125,13506.15625,,,,
86,9766.185546875,7490.85791015625,6530.26806640625,8707.21484375,10741.29296875,9724.6171875,9324.435546875,10998.201171875,10793.998046875,9744.640625,13630.7958984375,12655.1025390625,,,,
87,8888.953125,6744.494140625,5743.20849609375,8022.31787109375,9663.2373046875,8605.607421875,8480.767578125,9998.751953125,9732.6015625,8738.9912109375,12399.4423828125,11808.8232421875,,,,
88,7872.7763671875,5752.2626953125,5195.7119140625,6726.30859375,8811.12109375,7873.0576171875,7604.6435546875,9087.55859375,8959.4130859375,7991.4228515625,11251.7607421875,10789.03515625,,,,
89,6956.095703125,5082.3466796875,4218.177734375,6233.23974609375,7702.580078125,7091.59814453125,6907.2900390625,8171.27587890625,7859.775390625,7090.43408203125,10489.1103515625,9694.6337890625,,,,
90,6386.9013671875,3851.58740234375,3135.73876953125,5342.62109375,6880.75,6084.38916015625,5877.77392578125,7409.66064453125,6971.1328125,6404.83740234375,9515.890625,9260.453125,,,,
91,5530.087890625,3103.20703125,2765.80712890625,4662.41796875,5877.65966796875,5357.986328125,5300.8828125,6472.68994140625,6519.931640625,7987.77001953125,8443.4541015625,8267.435546875,,,,
92,4693.48828125,2816.6640625,2121.26245117188,3564.5263671875,5231.4501953125,4741.46728515625,4624.5908203125,5942.73291015625,5546.546875,12721.2666015625,8168.1513671875,7733.6025390625,,,,
93,3792.33471679688,1934.39282226563,1815.837890625,3069.3720703125,4605.81640625,4035.01879882813,4065.51806640625,4997.80126953125,4716.07421875,12181.576171875,7188.009765625,7102.8740234375,,,,
94,3401.65087890625,1351.52453613281,1362.15698242188,2785.21484375,3630.76489257813,3334.78369140625,3380.55346679688,4545.4736328125,4414.7783203125,11883.9833984375,6433.3935546875,6410.66064453125,,,,
95,2713.25390625,961.646667480469,668.163024902344,1838.64013671875,3255.36865234375,2768.572265625,2751.11791992188,3883.24340820313,3522.1474609375,11542.98828125,5766.9521484375,5979.841796875,,,,
,,,,,,,,,,,,,,,,
,,,,,,,,,,,,,,,,
Maximum,46729.3203125,44171.23828125,43697.28515625,52181.80859375,58517.61328125,55018.00390625,53282.4765625,62996.609375,63930.125,54017.8671875,74619.3046875,62906.4140625,,,,
,,,,,,,,,,,,,,,,
,,,,,,,,,,,,,,,,
Normalized Data,,,,,,,,,,,,,,,,
"[Maltose], µM",250,125,62.5,31.25,15.63,7.81,3.91,1.95,0.98,0.49,0.24,0.12,,,,
"T, °C",A1,A2,A3,A4,A5,A6,A7,A8,A9,A10,A11,A12,,, @T = 53 °C,
20,0.0945962811424104,0.00685113549456894,0.0133959903026012,0.0526061253461549,0.095574606310106,0.0173242917144523,0.0455263025836502,0.114622410853957,0.0521839922945657,0.106678344057746,0.0956989192851925,0.176210590484054,,,"[Maltose], µM", %unfolded
21,0.0977836243739502,0.0135896928165838,0.0070592626170998,0.0459619127250629,0.0861934414244536,0.0205128875072073,0.0440356523317572,0.113607033476256,0.0487965697045211,0.102960525792464,0.0904555529834721,0.172735282856316,,,250,0.253
22,0.0934701458850531,0.00833223978865277,0.00577977661476931,0.0425925379736398,0.0882335423315723,0.0145806153103008,0.0406176408402329,0.111234928504337,0.050077975147671,0.0937656785869606,0.0889488163407781,0.167091591042795,,,125,0.233
23,0.0890312986041787,0.00639502828878768,0.00965543974637297,0.0427592477712577,0.0828713413542891,0.0196188863851315,0.0346304734077236,0.107267282552161,0.0453476671795965,0.0943771208802874,0.0884105241072105,0.165549571343642,,,62.5,0.306
24,0.0840114477443481,0.00855549134308356,0.0130868231409185,0.0438122022364265,0.0758285482823047,0.0143850749601924,0.0358753654791231,0.106571521830416,0.0427713871504729,0.0933006360597991,0.0879231413285206,0.158821415766303,,,31.25,0.376
25,0.0826714133491202,0.00921118496181012,0.00863280549867899,0.0385520804926106,0.0759826652085053,0.00971214394378999,0.0349620227767484,0.105079308273784,0.0419150673965814,0.0876201877359155,0.083751602273666,0.158001450815888,,,15.63,0.423
26,0.0855098649920846,0.00648126342044902,0.00553332138534332,0.0327834943339255,0.0723576965909503,0.0136621936931299,0.0328503915855603,0.104767101490829,0.0402264065527598,0.0841284502653708,0.0842391355558857,0.153330030435837,,,7.81,0.468
27,0.0743553235363303,0.0060303655442681,0.0076782520266607,0.0338624691330484,0.0594843564728008,0.00968476476698785,0.0293416059740267,0.103561687223742,0.0411579961691573,0.0853557550474836,0.0837962363857124,0.150178492455497,,,3.91,0.572
28,0.0820725574130134,0.00614430684776408,0.00544433756343022,0.0278124081346297,0.0608552169355527,0.0135994057414018,0.031280090033118,0.101222446123713,0.0393245506324288,0.0756151312130954,0.0820325247812569,0.146139118365439,,,1.95,0.639
29,0.0714513505556352,0.00655162667824978,0.00540788250552787,0.0311171496210328,0.0538915683706074,0.00581264971129124,0.0284540278911468,0.0984781035462474,0.0344806848443907,0.0776948512550896,0.0817167814629069,0.14474533784748,,,0.98,0.696
30,0.0731848003286213,0.0063259604544618,0.00558727765061563,0.0331693125140968,0.0489224156201902,0.00729750467336367,0.0261967209845756,0.0943281018596487,0.0324077925471853,0.0740630098591511,0.0743231057939828,0.143952803898549,,,0.49,0.736
31,0.0755496080903434,0.00630706868939657,0.00566750371038586,0.0283208748888258,0.0477393450048994,0.00704670952793223,0.023753393800172,0.0911178983963175,0.0318782417595578,0.0699431617099493,0.076557140929202,0.138846384032034,,,0.24,0.751
32,0.0729895267843246,0.00622622804653092,0.00557457575277086,0.0275737687111536,0.0421334857513854,0.00779272664313933,0.0260812429794505,0.0881375327615598,0.0337976423477977,0.0710634507578294,0.0732160345466064,0.136843951971809,,,0,0.777
33,0.0673730090833963,0.00638452672248459,0.00511068777737104,0.0245787354017575,0.0368422561609889,0.00520207465468158,0.0209419665852267,0.0927813838815234,0.0329970665910144,0.0702184702847886,0.0741348258781475,0.131294258298631,,,,
34,0.0719484057369629,0.00625678276822526,0.00538433606776647,0.0222370012582959,0.0380544562938416,0.00423671433433118,0.0232714034295691,0.0876963585341771,0.030896203004721,0.0597709812667597,0.0722892730716153,0.13036761205665,,,,
35,0.0598759856256603,0.00596721589526803,0.00577772405791621,0.0241159346494599,0.0339467562484025,0.00426654964960334,0.023870793956796,0.0833908502764162,0.0303700911065499,0.0637801753817856,0.0722342345851144,0.131388070150339,,,,
36,0.0654677336381919,0.00645295617212204,0.00577215373009711,0.0239749480912701,0.033543870238321,0.00447957390048953,0.0195541296739943,0.0821743677053056,0.0295536823284602,0.0602791003613243,0.0691780444717776,0.13088850612784,,,,
37,0.0628753958343539,0.00617062018027851,0.00566162050557793,0.0243658355929984,0.0284878254136759,0.00708465764385082,0.018860278802966,0.0803922699956818,0.030728654047461,0.059802898874461,0.0711542212549513,0.131635880606869,,,,
38,0.0710235209324713,0.00625753445928695,0.00576998524114547,0.0220230534310516,0.0272802166635326,0.00444910596870314,0.0235888035641995,0.0793085993219377,0.0301415414821798,0.06330645065066,0.0698583662320962,0.134198498116187,,,,
39,0.0652205278638462,0.00620876573808943,0.00548991109991458,0.0187533059368825,0.0272115795598134,0.00696938498612209,0.0198652135134133,0.0788842910816381,0.0295452598179702,0.0628109955516744,0.0727799669279617,0.135712543472005,,,,
40,0.0637489544589661,0.00658506518532236,0.00562647492168019,0.0233722579251345,0.028359158223529,0.00680310030704438,0.0215393181198028,0.0831177623522893,0.0336097350122008,0.0656706541108288,0.0766290096365185,0.13924030687451,,,,
41,0.0634748473714894,0.00686870350956598,0.00574827730488656,0.0222863376642198,0.0270172061576813,0.0049761864617612,0.0239324723389799,0.083344019258973,0.0400736900737328,0.0705197170004659,0.0827105955322595,0.148416900552048,,,,
42,0.0665869515643033,0.00700110131583963,0.00641940682657363,0.0263363162060413,0.0286605581959865,0.0104794043270921,0.0290394914112681,0.0869031533319129,0.0455862890648677,0.0810643780045578,0.093799021617123,0.155696920686123,,,,
43,0.0699668567880879,0.00699211349504773,0.00671429967402687,0.0275036333490861,0.0312012679275451,0.0178034550426639,0.0387136615769989,0.0967918613799403,0.0637326232400218,0.099753759859838,0.109229984941271,0.176309882326437,,,,
44,0.0639284498005719,0.00798467732489423,0.00666200172663401,0.0322508178848547,0.0357720572111402,0.0228460082739961,0.0503320203992371,0.11186880593524,0.0869251505794412,0.121712441210496,0.139464122104796,0.206392050517504,,,,
45,0.0715459466277948,0.00772815376848817,0.00757036114608629,0.0354238669591437,0.0409864244265665,0.0393242501442532,0.0730244919581763,0.136590839586357,0.121867864829472,0.163654582171669,0.172459508268585,0.245294504323821,,,,
46,0.073027666148445,0.00834466687240893,0.00822819828445077,0.0423051890838694,0.0584478888534428,0.0592814956737528,0.103952775573935,0.175280359830874,0.1702936989555,0.217849161453668,0.231271131349953,0.305284940265307,,,,
47,0.0831555690660625,0.00930918875665611,0.011816517424343,0.0581726661732496,0.0806268582062198,0.0969580163709195,0.154026109662871,0.227493425365403,0.231633634182633,0.286985104176324,0.291582790395121,0.369748352618554,,,,
48,0.0860710361016981,0.0097815816809174,0.025963974002604,0.089331280364932,0.119925072305621,0.145731060052856,0.217996869426906,0.283294636640911,0.290148539860903,0.356617030794354,0.348730289403368,0.431170634055723,,,,
49,0.0974200674161849,0.0251370382549731,0.0510876498066197,0.123845354991184,0.174394508223986,0.209549871068483,0.289600444681845,0.340538571892386,0.342462553109743,0.414393667778037,0.398463827484321,0.478442989654399,,,,
50,0.116051512508959,0.0499999082494734,0.0997615542119724,0.178317519358211,0.242254001516237,0.275756110801514,0.351813858537274,0.389121729765714,0.389277826034675,0.470007789667973,0.450382415073345,0.527224779965179,,,,
51,0.142613385299279,0.0889864480713686,0.162033137248855,0.251630417329195,0.304829695706601,0.333226218775402,0.405421275492632,0.446664788258693,0.463678881092834,0.528600490549496,0.523830702741028,0.58982477815197,,,,
52,0.192425401075643,0.152179147966141,0.233362922557135,0.314835233153795,0.362363989100771,0.389427423934878,0.475450051956282,0.522213249076153,0.563109918837168,0.61974980211264,0.626200586288464,0.667072030736134,,,,
53,0.253412835691189,0.232643519711153,0.306469782116935,0.37593493541923,0.423217595610403,0.467751252448684,0.572023598576983,0.639261525235857,0.695717284593922,0.735768489216603,0.751405650619692,0.777119992608067,,,,
54,0.335018765821044,0.311471681100462,0.371974289556926,0.444854727046206,0.513045985286615,0.585775899068267,0.702607432644146,0.776759128653501,0.839756320865945,0.860230635494303,0.884260429842269,0.888666894932341,,,,
55,0.407777847252954,0.366163705755575,0.438403996601262,0.531423299681709,0.635838408427911,0.73294168123517,0.841752616545338,0.898422112499606,0.943476007007651,0.953607725568811,0.965222010766944,0.97131496552232,,,,
56,0.461291450278892,0.429586003052573,0.52359919385009,0.653256496610446,0.779108506927235,0.874117769261468,0.953240299306893,0.978273260242429,0.997205628312943,1,1,1,,,,
57,0.520607085052496,0.519952533804653,0.665838168400229,0.81388389437381,0.922648422693782,0.977909503913101,1,1,1,0.998328894938842,0.991057629921714,0.992085837828789,,,,
58,0.612808966466283,0.665327285846091,0.822019299146606,0.936694518256969,0.997115251557874,1,0.995779789233591,0.981039468145979,0.977255502100927,0.967164654866077,0.961481984963049,0.965865774567652,,,,
59,0.733302481896655,0.817771250151554,0.949163210493358,1,1,0.979936610238879,0.961230437950329,0.949100435216875,0.931954272340309,0.930938721519659,0.927757572787957,0.936852685803974,,,,
60,0.892532676135316,0.956019794059642,1,0.981222053932079,0.968829897568901,0.944106009616596,0.91776032428579,0.9106536115659,0.891127226796444,0.897630008705164,0.887740176150378,0.898003991792868,,,,
61,0.986468529779132,1,0.967399469271233,0.953088821138653,0.931996369415752,0.898480177901992,0.875637613620918,0.871828419337053,0.851667152222837,0.8600905632063,0.846846142256879,0.867357524278687,,,,
62,1,0.98345802119362,0.937280857604766,0.908068267624695,0.884803713945901,0.854485985375952,0.833073344206006,0.824550763272726,0.814136246898469,0.817000943119659,0.808022670490661,0.833315325431963,,,,
63,0.970366069349192,0.948919585593602,0.89338984785686,0.866436182448939,0.846186868550328,0.806053827976339,0.787066778667998,0.787486020452986,0.766496831990396,0.779227127829666,0.771355508601944,0.794658508714769,,,,
64,0.926119809347484,0.917251460204105,0.851490523626459,0.825596099814179,0.810336417807966,0.769409005248211,0.750657572838866,0.750319647659609,0.727609465216907,0.749232639605501,0.732318609743143,0.763657906505708,,,,
65,0.87795696057397,0.873815213289686,0.802757787173027,0.782720465847211,0.7654326031245,0.723849203055619,0.711130403596281,0.712327461572213,0.695037037507748,0.714340104771468,0.69848646321521,0.728623782774536,,,,
66,0.837250702307655,0.829628248090241,0.758787753637083,0.735762201012491,0.727738556814057,0.682273963018782,0.675276536889107,0.676674315061103,0.654585401835207,0.675135917846627,0.662671334527101,0.699830328311364,,,,
67,0.792556717518595,0.784041545699677,0.727646659971099,0.697995432585724,0.686862909664818,0.646248681805792,0.638213313857731,0.639384609737181,0.621265576087955,0.649593081687237,0.62895629283265,0.662729953138473,,,,
68,0.757166564153629,0.740668661920047,0.682913921729799,0.662887412197573,0.650493250930259,0.612939485931061,0.607284077184733,0.608495670525919,0.588909815599453,0.612715598875199,0.593720772868868,0.630688370037783,,,,
69,0.715177569355963,0.705069634449099,0.648175547233028,0.628331772409611,0.618496340811918,0.575892664113005,0.574270980858652,0.575495568585908,0.556239013884299,0.585120164956994,0.568040996847435,0.604279968966797,,,,
70,0.678376698382456,0.6486123738784,0.60878013284757,0.582975815551142,0.585753394627646,0.543520767953161,0.540821934157821,0.539336752498832,0.528879797474195,0.556144906915203,0.539069931111786,0.57025987637141,,,,
71,0.641327472229109,0.614720613677045,0.56735521952567,0.554310825664146,0.553649946073261,0.516774729067736,0.51501952227786,0.508736581309063,0.495415649116907,0.5205609052676,0.507737399556562,0.541843470105207,,,,
72,0.608643688142131,0.571359845388645,0.532157720396138,0.523549911094346,0.523376542145531,0.484577775641482,0.489284410901391,0.48547438565022,0.471871388879656,0.493766819340881,0.482000772462639,0.508960390192723,,,,
73,0.576280232917201,0.53976839248744,0.50063518498405,0.488815733871576,0.494390410899923,0.456315791229987,0.462630918906999,0.463646946028593,0.44810529831398,0.467313983350706,0.458013807795842,0.486705325284174,,,,
74,0.537588443618024,0.497232583030689,0.458999303178249,0.458421363766992,0.46162733856373,0.431096525292253,0.435207613255824,0.435590221497536,0.418017608580462,0.444869405912714,0.427764718433809,0.461034658255362,,,,
75,0.511277423352208,0.473599548702373,0.433298201717158,0.431719312502868,0.435862793447139,0.40680071416963,0.411275979423934,0.410195997651659,0.396153038669172,0.42336812891915,0.404382542386244,0.429694917586529,,,,
76,0.483571150206316,0.434710811625601,0.397914361992419,0.403471209397612,0.413251245334855,0.380735595855022,0.389256874878394,0.386611767051947,0.374212946850174,0.403643788578634,0.379911950985372,0.40561382043092,,,,
77,0.441990842205769,0.396897036984173,0.373248212913685,0.376858651426282,0.383825109013319,0.360863123711848,0.369775175263561,0.364780731006604,0.350275098936143,0.372565602208876,0.358989578455056,0.37805359673056,,,,
78,0.407824450421167,0.369349173497991,0.34805041878585,0.351997070339183,0.35954072054561,0.336934912428169,0.344960387275542,0.337969609227481,0.329343737840728,0.351629025523528,0.338900498164066,0.354474050676222,,,,
79,0.387895848982663,0.343985414717244,0.319999007732978,0.321518409605,0.33811734968418,0.310701134834485,0.320921497848217,0.317402871136666,0.30814661417446,0.333047608524205,0.314311205283569,0.330518729397253,,,,
80,0.350189727140331,0.316549133136603,0.289291561573521,0.297827296734382,0.313848982033922,0.291427401357042,0.297337968172873,0.291035101591529,0.285310035761701,0.305971172443377,0.291758761739668,0.310934857224043,,,,
81,0.325748706020193,0.290150450523827,0.266975610344786,0.27521560547434,0.284610956810613,0.269488844170257,0.27742744778456,0.27125501918134,0.266500131491218,0.28844398561992,0.269295049842058,0.283702377328623,,,,
82,0.311205633574878,0.26295238868406,0.236638610540111,0.249637853469499,0.260042832990521,0.251691935502079,0.254184709384256,0.248293977503254,0.240335563510747,0.259066534987628,0.249467374551513,0.270456044513545,,,,
83,0.275129870281858,0.228112480751182,0.214389704380412,0.231383411349576,0.245130021950523,0.229698797460405,0.232728440122419,0.229003814813446,0.224953260126779,0.240016703819208,0.232276521103841,0.246035560513317,,,,
84,0.251364574202526,0.220886894637763,0.195704377730131,0.212900463770637,0.222697072576105,0.213893158127428,0.213670374450324,0.214223660474782,0.202883510145843,0.217497661002501,0.21401341507324,0.230397995732997,,,,
85,0.230917068429166,0.189735048356286,0.172946979418505,0.189144467327013,0.199648740239734,0.190317814289342,0.192441592620229,0.19592739738225,0.186942185779982,0.196052879349671,0.200201902448376,0.21470237099481,,,,
86,0.208994812712107,0.169586776410024,0.14944333596597,0.166863032892135,0.183556580086831,0.176753362482409,0.175000040321652,0.17458401779064,0.168840559077196,0.180396619347736,0.182671172768525,0.201173484892799,,,,
87,0.190222178828101,0.152689723065516,0.131431700517722,0.153737827171721,0.165133824892065,0.156414388216244,0.159166167289111,0.158718890624818,0.152238112509556,0.161779641921141,0.166169363742271,0.187720495885443,,,,
88,0.168476158320701,0.130226430572001,0.118902396235464,0.128901407885576,0.150572120079498,0.143099659351566,0.142723162384678,0.144254725514741,0.140143838072231,0.147940362469767,0.150788871449674,0.171509301826212,,,,
89,0.148859338347026,0.115060090625643,0.0965318032754645,0.119452351577564,0.131628404615624,0.128895954797183,0.129635303850043,0.129709772636573,0.12294321950137,0.131260904052724,0.140568320697842,0.154112008028792,,,,
90,0.136678670361037,0.0871967269248752,0.0717604940059474,0.102384743605646,0.117584255648456,0.110589056820818,0.110313452095018,0.117619991266891,0.109043003005234,0.118568868706202,0.127525854935956,0.147209998582964,,,,
91,0.118342998649302,0.0702540194026497,0.0632947131387328,0.0893494896861132,0.100442573413226,0.0973860545223513,0.0994864194475288,0.102746639948132,0.101985279093776,0.147872739806722,0.11315374938058,0.131424365386032,,,,
92,0.100439900470679,0.0637669255402249,0.0485444906608454,0.0683097512954819,0.0893995824841466,0.0861802855159132,0.0867938414027712,0.0943341708246699,0.0867595186932608,0.235501089989467,0.109464318937239,0.122938219485518,,,,
93,0.0811553579516206,0.0437930403931362,0.0415549360591177,0.0588207299254118,0.0787082067772197,0.0733399707794515,0.0763012218780301,0.0793344486173983,0.0737692006507104,0.225510128520844,0.0963290906519143,0.11291176153167,,,,
94,0.0727947861462114,0.0305973884528049,0.0311725769129858,0.0533752071614397,0.0620456763184749,0.0606125896004639,0.0634458772356707,0.0721542584261107,0.069056306714753,0.220000974070067,0.0862162088166067,0.101907901444867,,,,
95,0.0580632007507332,0.0217708786282469,0.0152907216664186,0.0352352704183383,0.0556305780397715,0.0503212052247954,0.0516326961021572,0.0616421018008658,0.0550937052123314,0.213688338363739,0.0772849890867928,0.0950593335511668,,,,
